{
  "settings": {
    "epochs": 200,
    "patience": 10,
    "lr": 0.001,
    "batch_size": 32
  },
  "zfrac_results": {
    "model": "zfrac_nn",
    "test_acc": 90.1639344262295,
    "train_time": 1.2650585174560547,
    "params": 11202
  },
  "cnn_results": {
    "model": "resnet18",
    "test_acc": 98.36065573770492,
    "train_time": 183.85808491706848,
    "params": 11177538
  },
  "cca_cka": {
    "cka_scores": [
      0.28265896439552307,
      0.25323694944381714,
      0.1242956891655922,
      0.06292208284139633
    ],
    "svcca_scores": [
      0.9784773785245031,
      0.9885015434508693,
      0.9491088207086168,
      0.7180367948049684
    ],
    "mean_cka": 0.18077842891216278,
    "mean_svcca": 0.9085311343722393
  }
}