{
  "settings": {
    "epochs": 200,
    "patience": 10,
    "lr": 0.001,
    "batch_size": 32
  },
  "zfrac_results": {
    "model": "zfrac_nn",
    "test_acc": 47.107438016528924,
    "train_time": 7.734788179397583,
    "params": 11722
  },
  "cnn_results": {
    "model": "resnet18",
    "test_acc": 78.09917355371901,
    "train_time": 1972.4432165622711,
    "params": 11181642
  },
  "cca_cka": {
    "cka_scores": [
      0.2340346872806549,
      0.23562783002853394,
      0.31512686610221863,
      0.36703184247016907
    ],
    "svcca_scores": [
      0.9913071046056263,
      0.991091960574179,
      0.9839820393054998,
      0.8304883297409601
    ],
    "mean_cka": 0.28795531392097473,
    "mean_svcca": 0.9492173585565663
  }
}